"","Profondeur","Date"
"Station5_Fond1_10sept14_","Fond","10sept14"
"Station5_Fond1_11mars15_","Fond","11mars15"
"Station5_Fond2_10sept14_","Fond","10sept14"
"Station5_Fond2_11mars15_","Fond","11mars15"
"Station5_Fond3_10sept14_","Fond","10sept14"
"Station5_Median1_10sept14_","Median","10sept14"
"Station5_Median2_10sept14_","Median","10sept14"
"Station5_Surface1_10sept14_","Surface","10sept14"
"Station5_Surface1_11mars15_","Surface","11mars15"
"Station5_Surface2_10sept14_","Surface","10sept14"
"Station5_Surface2_11mars15_","Surface","11mars15"
